First Name;Last Name;Number;Card
asfasasfasfas1;bbbb;9999999999;4 124 222 244 446 660
asfasasfasfas;bbbb;9999999999;4 124 222 244 446 660
asfasasfasfas;bbbb2;9999999999;4 124 222 244 446 660
asfasasfasfas;bbbb;b9999999999;4 124 222 244 446 660
asfasasfasfas;bbbb;9999999999;4 124 222 244 446 660
asfasasfasfas;bbbb;9999999999;4 124 222 244 446 660
asfasasfasfas;bbbb;9999999999;4 124 222 244 446 660
asfasasfasfas;bbbb;9999999999;4 124 222 244 446 660
asfasasfasfas;bbbb;9999999999;4 124 222 244 446 660
asfasasfasfas;bbbb;9999999999;4 124 222 244 446 660
asfasasfasfas;bbbb;9999999999;4 124 222 244 446 660
asfasasfasfas;bbbb;9999999999;4 124 222 244 446 660
asfasasfasfas;bbbb;9999999999;4 124 222 244 446 660
asfasasfasfas;bbbb;9999999999;4 124 222 244 446 660
asfasasfasfas;bbbb;9999999999;4 124 222 244 446 660
asfasasfasfas;bbbb;9999999999;4 124 222 244 446 660
asfasasfasfas;bbbb;9999999999;4 124 222 244 446 660
asfasasfasfas;bbbb;9999999999;4 124 222 244 446 660
asfasasfasfas;bbbb;9999999999;4 124 222 244 446 660
asfasasfasfas;bbbb;9999999999;4 124 222 244 446 660
asfasasfasfas;bbbb;9999999999;4 124 222 244 446 660
asfasasfasfas;bbbb;9999999999;4 124 222 244 446 660
asfasasfasfas;bbbb;9999999999;4 124 222 244 446 660
asfasasfasfas;bbbb;9999999999;4 124 222 244 446 660
asfasasfasfas;bbbb;9999999999;4 124 222 244 446 660
asfasasfasfas;bbbb;9999999999;4 124 222 244 446 660
asfasasfasfas;bbbb;9999999999;4 124 222 244 446 660
asfasasfasfas;bbbb;9999999999;4 124 222 244 446 660
asfasasfasfas;bbbb;9999999999;4 124 222 244 446 660
